title,link,published,source,pub_date
It’s a new term: here are 99 lab hacks,https://www.nature.com/articles/d41586-025-02719-z,2025-09-23 00:00:00,Nature,2025-09-23 00:00:00+00:00
Multi-dimensional excited-state energy modulation of NIR-II nanoaggregates for phototheranostics,https://academic.oup.com/nsr/advance-article/doi/10.1093/nsr/nwaf407/8262263?rss=1,2025-09-23 00:00:00,National Science Review Advance Access,2025-09-23 00:00:00+00:00
The mini placentas and ovaries revealing the basics of women’s health,https://www.nature.com/articles/d41586-025-03029-0,2025-09-23 00:00:00,Nature,2025-09-23 00:00:00+00:00
A multimodal robotic platform for multi-element electrocatalyst discovery,https://www.nature.com/articles/s41586-025-09640-5,2025-09-23 00:00:00,Nature,2025-09-23 00:00:00+00:00
Nerdy and easy to pronounce: why we chose Apheros as the name for our technology start-up firm,https://www.nature.com/articles/d41586-025-02653-0,2025-09-23 00:00:00,Nature,2025-09-23 00:00:00+00:00
How can universities train the skilled workers of tomorrow?,https://www.nature.com/articles/d41586-025-03070-z,2025-09-23 00:00:00,Nature,2025-09-23 00:00:00+00:00
Trump team backs an unproven drug for autism — but does it work?,https://www.nature.com/articles/d41586-025-03103-7,2025-09-23 00:00:00,Nature,2025-09-23 00:00:00+00:00
Journals infiltrated with ‘copycat’ papers that can be written by AI,https://www.nature.com/articles/d41586-025-03046-z,2025-09-23 00:00:00,Nature,2025-09-23 00:00:00+00:00
"The meaning behind the moniker: how to choose a science-company name that delights customers, colleagues and investors",https://www.nature.com/articles/d41586-025-02894-z,2025-09-23 00:00:00,Nature,2025-09-23 00:00:00+00:00
Ebola outbreak in the DRC: why is it so deadly?,https://www.nature.com/articles/d41586-025-03101-9,2025-09-23 00:00:00,Nature,2025-09-23 00:00:00+00:00
‘Shake it off’: Taylor Swift’s changing voice shows how our accents evolve,https://www.nature.com/articles/d41586-025-03087-4,2025-09-23 00:00:00,Nature,2025-09-23 00:00:00+00:00
Combat the human-made causes of Spain’s wildfires,https://www.nature.com/articles/d41586-025-03091-8,2025-09-23 00:00:00,Nature,2025-09-23 00:00:00+00:00
China’s private higher-education sector is at a turning point,https://www.nature.com/articles/d41586-025-03089-2,2025-09-23 00:00:00,Nature,2025-09-23 00:00:00+00:00
Author Correction: Introducing metal–sulfur active sites in metal–organic frameworks via post-synthetic modification for hydrogenation catalysis,https://www.nature.com/articles/s41557-025-01980-z,2025-09-23 00:00:00,Nature Chemistry,2025-09-23 00:00:00+00:00
Long-standing marine reserves need continued support,https://www.nature.com/articles/d41586-025-03100-w,2025-09-23 00:00:00,Nature,2025-09-23 00:00:00+00:00
Interstitial nanofilament pathway reduces energy consumption in memristors,https://www.nature.com/articles/s41565-025-02014-y,2025-09-23 00:00:00,Nature Nanotechnology,2025-09-23 00:00:00+00:00
Performance seasonality,https://www.nature.com/articles/s41560-025-01875-w,2025-09-23 00:00:00,Nature Energy,2025-09-23 00:00:00+00:00
Guiding lithium through thick cathodes,https://www.nature.com/articles/s41560-025-01873-y,2025-09-23 00:00:00,Nature Energy,2025-09-23 00:00:00+00:00
Contested environmental views,https://www.nature.com/articles/s41560-025-01874-x,2025-09-23 00:00:00,Nature Energy,2025-09-23 00:00:00+00:00
A broader view of energy,https://www.nature.com/articles/s41560-025-01855-0,2025-09-23 00:00:00,Nature Energy,2025-09-23 00:00:00+00:00
"PBK/TOPK mediates Ikaros, Aiolos and CTCF displacement from mitotic chromosomes and alters chromatin accessibility at selected C2H2-zinc finger protein binding sites",https://www.nature.com/articles/s41467-025-63740-4,2025-09-23 00:00:00,Nature Communications,2025-09-23 00:00:00+00:00
Clinical implications of bone marrow adiposity identified by phenome-wide association and Mendelian randomization in the UK Biobank,https://www.nature.com/articles/s41467-025-63395-1,2025-09-23 00:00:00,Nature Communications,2025-09-23 00:00:00+00:00
Latest Cretaceous megaraptorid theropod dinosaur sheds light on megaraptoran evolution and palaeobiology,https://www.nature.com/articles/s41467-025-63793-5,2025-09-23 00:00:00,Nature Communications,2025-09-23 00:00:00+00:00
The first emergence of unprecedented global water scarcity in the Anthropocene,https://www.nature.com/articles/s41467-025-63784-6,2025-09-23 00:00:00,Nature Communications,2025-09-23 00:00:00+00:00
A galanin-positive population of lumbar spinal cord neurons modulates sexual arousal and copulatory behavior in male mice,https://www.nature.com/articles/s41467-025-63877-2,2025-09-23 00:00:00,Nature Communications,2025-09-23 00:00:00+00:00
Stabilized perovskite phases enabling efficient perovskite/perovskite/silicon triple-junction solar cells,https://www.nature.com/articles/s41563-025-02367-8,2025-09-23 00:00:00,Nature Materials,2025-09-23 00:00:00+00:00
Achieving well-ordered microstructure and enhanced conductivities in n-doped conjugated polymers via dual-affinity dopant,https://www.cell.com/chem/fulltext/S2451-9294(25)00346-8?rss=yes,2025-09-23 00:00:00,Chem,2025-09-23 00:00:00+00:00
US investment in African food systems will have global benefits,https://www.nature.com/articles/d41586-025-03090-9,2025-09-23 00:00:00,Nature,2025-09-23 00:00:00+00:00
High-entropy nanomaterials by candlelight,https://www.nature.com/articles/s41557-025-01959-w,2025-09-23 00:00:00,Nature Chemistry,2025-09-23 00:00:00+00:00
Fossil fight: how Raymond Dart countered some unfair criticism,https://www.nature.com/articles/d41586-025-02828-9,2025-09-23 00:00:00,Nature,2025-09-23 00:00:00+00:00
"Whose papers have an edge at <em>Science</em>? In unusual study, journal looks in the mirror",https://www.science.org/content/article/whose-papers-have-edge-em-science-em-unusual-study-journal-looks-mirror,2025-09-23 01:35:07,Latest News from Science Magazine,2025-09-23 01:35:07+00:00
Louisiana approves first carbon capture storage well near Hackberry - KPLC 7 News,https://news.google.com/rss/articles/CBMipAFBVV95cUxOYlp1TXo5MU95WDdQam5MVW52eEJXdUxmWFQxN1dtUkh3NmVQT25vSXdRTnBMckJFdGFKR1VxWXhDZDZKbks2eHpSLUxpUW9OaHQ5VWRRaXEwbU5GTjlPb24xS1hhcHFwZUhpaFE1S3BVdEpzZV9JczZEdkMxdll0MklEMWhLMGdFa0ZCUU5FbGQyX3I0UzZwTWN1MFItWWd0MG9TetIBuAFBVV95cUxNUHA4UlU2QU9tMHJXd213LWdMa2w5VkR2VnZMbEpCN2I3T2JRZ2Z6amlnUXp5WTlST0o0QTU0NzBJYlJFRHg4VVdRb2lNUVZZVm50ZEhjQ3BOOEFhcE5kY056RG9EdjRnYXJXWHhhc3pkUlBWdzg1LUlTQ1p5Znc3cWdHbllxVVlGRXR6NWIzLXprRVd0QWhDaEFyS3pJd2tON0JBWktUN2k2RFJjNS1lRzVxanBZNlhI?oc=5,2025-09-23 01:44:00,"""carbon capture OR CO2 storage"" - Google News",2025-09-23 01:44:00+00:00
U.S. court orders NIH to restore killed grants to California researchers,https://www.science.org/content/article/u-s-court-orders-nih-restore-killed-grants-california-researchers,2025-09-23 03:20:45,Latest News from Science Magazine,2025-09-23 03:20:45+00:00
Brineworks: €6.8 Million Raised To Scale Direct Air Capture For e-Fuels - Pulse 2.0,https://news.google.com/rss/articles/CBMilAFBVV95cUxPMDJwREhSVWdJNDF2aXcxOE5mbGdObmRPTGpUMjJSUXJFTkt4U1lucDJBMERJS1ZtX1BwVnlTSGVlUURHbnlKVkI3S3ZBR3VYMTJzVlB4bklwOWNqM3hwX1F2R0JESU9TT2VFZm43YThXakcxZjA3TEF5RE5XamJBaEVHX09sZS1PeEhtR3FULUVkeUlw0gGaAUFVX3lxTE1SVFM3VVo4eTQ0VUlHeGNGNk9MN3l3ckZQelVlS1BZQWJlZW1oY0ZjNjJyVk5xQk1iRHY1bzdVYzJnVkNTcHlOOEJ4cWRKbUwyWWhSd05PU3lRaWlGcjBtSEVzME1ERXZHWmtRUjBabWotVll3WG1lcndPaFpEeVgtNjBHUDZMMzlQUzFnaFRMcnVHcGFfaTFGYWc?oc=5,2025-09-23 03:21:25,"""direct air capture"" - Google News",2025-09-23 03:21:25+00:00
Ethicists flirt with AI to review human research,https://www.science.org/content/article/ethicists-flirt-ai-review-human-research,2025-09-23 03:45:37,Latest News from Science Magazine,2025-09-23 03:45:37+00:00
Trump’s autism initiative embraces little-tested vitamin as a treatment,https://www.science.org/content/article/trump-s-autism-initiative-embraces-little-tested-vitamin-treatment,2025-09-23 05:04:20,Latest News from Science Magazine,2025-09-23 05:04:20+00:00
"Solution‐Processable and Programmable Al8 Macrocycles for Advanced Dielectrics: Uniting High Permittivity, Minimal Loss, and Robust Moisture Resistance",https://onlinelibrary.wiley.com/doi/10.1002/anie.202516238?af=R,2025-09-23 06:35:16,Wiley: Angewandte Chemie International Edition: Table of Contents,2025-09-23 06:35:16+00:00
Channel‐Pocket Ultra‐Micropore Configuration in a Hydrogen‐Bonded Organic Framework for Simultaneous High Xe Capture and Xe/Kr Separation,https://onlinelibrary.wiley.com/doi/10.1002/anie.202515759?af=R,2025-09-23 06:36:30,Wiley: Angewandte Chemie International Edition: Table of Contents,2025-09-23 06:36:30+00:00
Site‐Selective α─C─H Functionalization of Saturated Heterocycles via Copper‐Photoredox Catalysis,https://onlinelibrary.wiley.com/doi/10.1002/anie.202508093?af=R,2025-09-23 06:41:11,Wiley: Angewandte Chemie International Edition: Table of Contents,2025-09-23 06:41:11+00:00
Photochargeable Nanopores in Gas Permselective Membrane,https://onlinelibrary.wiley.com/doi/10.1002/anie.202513377?af=R,2025-09-23 06:42:55,Wiley: Angewandte Chemie International Edition: Table of Contents,2025-09-23 06:42:55+00:00
Emerging Thermal Safety Characteristics of Large‐Capacity Lithium Iron Phosphate Lithium‐Ion Batteries,https://advanced.onlinelibrary.wiley.com/doi/10.1002/aenm.202503248?af=R,2025-09-23 06:45:36,Wiley: Advanced Energy Materials: Table of Contents,2025-09-23 06:45:36+00:00
Thermal Runaway Induced Battery Recycling,https://advanced.onlinelibrary.wiley.com/doi/10.1002/aenm.202503381?af=R,2025-09-23 06:47:23,Wiley: Advanced Energy Materials: Table of Contents,2025-09-23 06:47:23+00:00
Generally Grafting Hydrophobic Polymer Brushes in Pure Water Through SIP of Phase Transfer Delivered Monomers,https://onlinelibrary.wiley.com/doi/10.1002/anie.202516468?af=R,2025-09-23 06:53:06,Wiley: Angewandte Chemie International Edition: Table of Contents,2025-09-23 06:53:06+00:00
Electrochemical Ammonia Oxidation Reaction on Nickel‐Based Non‐Noble Metal Electrocatalysts: From Mechanistic Understanding to Practical Applications,https://advanced.onlinelibrary.wiley.com/doi/10.1002/aenm.202503815?af=R,2025-09-23 06:54:44,Wiley: Advanced Energy Materials: Table of Contents,2025-09-23 06:54:44+00:00
Mechanistic Insights into Ionic Conduction in Lead Halide Perovskites and Perovskite‐Inspired Materials,https://advanced.onlinelibrary.wiley.com/doi/10.1002/aenm.202503331?af=R,2025-09-23 06:56:07,Wiley: Advanced Energy Materials: Table of Contents,2025-09-23 06:56:07+00:00
Rational Synthesis of Photocatalytic Acridinium‐Based Covalent Organic Frameworks via Single‐Atom Skeletal Editing,https://onlinelibrary.wiley.com/doi/10.1002/anie.202514572?af=R,2025-09-23 06:56:09,Wiley: Angewandte Chemie International Edition: Table of Contents,2025-09-23 06:56:09+00:00
Self‐Liquefying Conformal Nanocoatings via Phase‐Convertible Ion Conductors for Stable All‐Solid‐State Batteries,https://advanced.onlinelibrary.wiley.com/doi/10.1002/aenm.202503562?af=R,2025-09-23 06:57:26,Wiley: Advanced Energy Materials: Table of Contents,2025-09-23 06:57:26+00:00
Cooling Crystallization at Solid Interfaces en Route to a Janus Nanocatalyst,https://advanced.onlinelibrary.wiley.com/doi/10.1002/adma.202512893?af=R,2025-09-23 06:58:18,Wiley: Advanced Materials: Table of Contents,2025-09-23 06:58:18+00:00
Guest post: Fungal infections are adapting to climate change – and threatening public health,https://www.carbonbrief.org/guest-post-fungal-infections-are-adapting-to-climate-change-and-threatening-public-health/,2025-09-23 07:00:00,Carbon Brief,2025-09-23 07:00:00+00:00
Giant Shell Nanorods for High‐Efficiency and Low‐Roll‐Off Light‐Emitting Diodes,https://advanced.onlinelibrary.wiley.com/doi/10.1002/adma.202513097?af=R,2025-09-23 07:01:52,Wiley: Advanced Materials: Table of Contents,2025-09-23 07:01:52+00:00
Innate Immune‐Cloaked Microgel‐Coated Mesenchymal Stromal Cells Reverse Persistent Pulmonary Fibrosis via Reparative Macrophages,https://advanced.onlinelibrary.wiley.com/doi/10.1002/adma.202504590?af=R,2025-09-23 07:03:37,Wiley: Advanced Materials: Table of Contents,2025-09-23 07:03:37+00:00
Biomimetic Water‐Based Metamaterial Absorber for Ultrabroadband Radar Stealth,https://advanced.onlinelibrary.wiley.com/doi/10.1002/adma.202507439?af=R,2025-09-23 07:05:36,Wiley: Advanced Materials: Table of Contents,2025-09-23 07:05:36+00:00
Control of Effective Elastomer Density Enables Mechanically Robust and High‐Efficiency Intrinsically Stretchable Organic Solar Cells,https://advanced.onlinelibrary.wiley.com/doi/10.1002/adma.202514031?af=R,2025-09-23 07:06:51,Wiley: Advanced Materials: Table of Contents,2025-09-23 07:06:51+00:00
D‐Band Width Rationally Broadened by Configuring Nearest Coordination of Metal Site for Enhanced Active Site‐Intermediate Interaction,https://advanced.onlinelibrary.wiley.com/doi/10.1002/adma.202510760?af=R,2025-09-23 07:06:52,Wiley: Advanced Materials: Table of Contents,2025-09-23 07:06:52+00:00
Nano/Micro Metal–Organic Framework‐Derived Ceramics for Sustainable Energy Saving/Capturing,https://advanced.onlinelibrary.wiley.com/doi/10.1002/adma.202512289?af=R,2025-09-23 07:08:33,Wiley: Advanced Materials: Table of Contents,2025-09-23 07:08:33+00:00
Bio‐Inspired Wide‐Field Visual Neuron Implemented with Ultra‐Low Information Loss Population Coding,https://advanced.onlinelibrary.wiley.com/doi/10.1002/adma.202508803?af=R,2025-09-23 07:09:55,Wiley: Advanced Materials: Table of Contents,2025-09-23 07:09:55+00:00
Synergistic Catalysis of Pt‐Based High‐Entropy Clusters Coupled with Super‐Hydrophilic CeO2 Enables Efficient Anion Exchange Membrane Water Electrolysis,https://advanced.onlinelibrary.wiley.com/doi/10.1002/adma.202514269?af=R,2025-09-23 07:10:49,Wiley: Advanced Materials: Table of Contents,2025-09-23 07:10:49+00:00
Magnetic Microrobot With Drilling‐Sensing Dual Functionality for Targeted Biopsy of Deep‐Seated Tracheal Microlesions,https://advanced.onlinelibrary.wiley.com/doi/10.1002/adma.202514664?af=R,2025-09-23 07:11:32,Wiley: Advanced Materials: Table of Contents,2025-09-23 07:11:32+00:00
Achieving Electrode Smoothing by Controlling the Nucleation Phase of Metal Deposition Through Polymer‐Substrate Binding,https://advanced.onlinelibrary.wiley.com/doi/10.1002/adma.202503218?af=R,2025-09-23 07:21:30,Wiley: Advanced Materials: Table of Contents,2025-09-23 07:21:30+00:00
France's Technip & Anellotech to commercialise Plas-TCat recycling - Fibre2Fashion,https://news.google.com/rss/articles/CBMi0wFBVV95cUxQaTR0STFlTUQzSGJPU0JkMV90SEFfb2x1RE9UY0wwZHpHRFotNE9YNnNGaG9aQmRpYUxoTnVfbEc4X012ZS1hcU5YUk5wQmhrejY0ZU9UNHJZb0k1WkNhNlVvNVdSYzZrWkd2UmVuSi14NHd4S3dnbUpJSDBQUnFrM1ZUa1lRYW9LVHBKRkVaaXFoQnlnbENYRW5BMEotWFZWRHByNGtpWkt5NF9uNG4yRFdfa1gwVUhDbnJZZjdTRHdFbDlVX2dpTGdGbWIwejNXaHJF?oc=5,2025-09-23 07:28:04,"""plastic recycling"" - Google News",2025-09-23 07:28:04+00:00
OCCS – a promising interim solution to cut emissions from shipping - Offshore-Energy.biz,https://news.google.com/rss/articles/CBMikwFBVV95cUxNalFxc2pNUUFQUEJfMTdxWWUzZ3ZlV3lVTFdvbHkzUnpwRGJhSWhJdENCY3dVOTluT2RFd25YN1JaeGVFemxXVlNMOG1zdmF1NWlQNk1WRFFKQ1hoTHNJWWRuRnF6VVBheG5jLU5sOTZxOG9SZ1dzNEZJTDBnV1lXMUM2NHY4Rjk4bGl6bWdHaEVXT1U?oc=5,2025-09-23 07:33:34,"""carbon capture OR CO2 storage"" - Google News",2025-09-23 07:33:34+00:00
"Carbon Capture, Utilization, and Storage (CCUS) Markets 2026-2036: Technologies, Market Forecasts, and Players - IDTechEx",https://news.google.com/rss/articles/CBMiogFBVV95cUxQb3pXZDRfY0FnOFB1QkZrWWJKcXd1c2N6V2h3WmpQYjJ4UVozaVQ2OWgxakh2UEIxZEJCWDhxUURBMEhaWnd5NFMxSlAxWm9NdFZ4bndndTZmTTFraVBsUmdNU3BFOENydGN0cV9NN3dEOGF4Q2xDdk1zYWlaekd1WF9DcF81UDFFcllFQ01RUkQ5Y3Zzai1PUkNKWU5KcEhaN0E?oc=5,2025-09-23 08:19:25,"""CCUS"" - Google News",2025-09-23 08:19:25+00:00
‘A broken system full of criminality and death’: the podcast lifting the lid on what happens to the UK’s rubbish - The Guardian,https://news.google.com/rss/articles/CBMiqwFBVV95cUxOemFxeFNXVlB3c1E1NlNBOUh0NWFuZUdERjdma0VvaE5SZ1cwQWhSQUZBWDRfcnFEb1JGRDlWeDlCLWZ3UTRVNEVFNVlqNlJBVGUtUVJTeHUwR3VxQXkxWWxaRHg4TVhZZWMwR1pMaHkwdlQ2VFA0c2xfRHl6NzlEb2dZNjF1YnRfbUkzU0xsVHNVckhEd3VQZUk2MmZHNHhzYzFsZ2xJQk1zbFE?oc=5,2025-09-23 08:55:00,"""plastic recycling"" - Google News",2025-09-23 08:55:00+00:00
[ASAP] Anionic Lipids Regulate the Light-Harvesting Complex 1-Reaction Center Photocycle in Purple Bacteria,http://dx.doi.org/10.1021/jacs.5c12301,2025-09-23 09:27:24,Journal of the American Chemical Society: Latest Articles (ACS Publications),2025-09-23 09:27:24+00:00
[ASAP] From β-Dicarbonyl Chemistry to Dynamic Polymers,http://dx.doi.org/10.1021/acs.chemrev.5c00307,2025-09-23 09:29:33,Chemical Reviews: Latest Articles (ACS Publications),2025-09-23 09:29:33+00:00
"[ASAP] Colorectal Cancer at the Crossroads: The Good, the Bad, and the Future of Platinum-Based Drugs",http://dx.doi.org/10.1021/acs.chemrev.5c00041,2025-09-23 09:32:41,Chemical Reviews: Latest Articles (ACS Publications),2025-09-23 09:32:41+00:00
"Plastic Packaging Tax failing to deliver, as plant closures continue - letsrecycle.com",https://news.google.com/rss/articles/CBMiowFBVV95cUxNcVlLR1dFaHlvNFJSZUVWV0M5bzg3dkNDcGhKejlOd09VcVlHai1FekpQanUweXFQbmc4b05iTGQycHlhRDBFUzhHazkteEo1SmplZjhTdEhNekN2ZGt4c016RzY2VVJIWWRJZ0tncU44U2hOQ05nX0FuNndrR2tEWlV5QXJ1aDFoSG5ZMjFnUGtLeXNLaGdJM2pJbUZnVk5ZbnFJ?oc=5,2025-09-23 09:50:18,"""plastic recycling"" - Google News",2025-09-23 09:50:18+00:00
"China sees its ‘first-ever’ installation of centrifugal OCCS aboard 57,000 dwt bulker - Offshore-Energy.biz",https://news.google.com/rss/articles/CBMitgFBVV95cUxNMzNVVVdYYmlWRVh0bEVtUlJnd2Nybmk2bmloVWRhWTVUSU1MQmo2WjZwcVJJT2J5ZEttU0JjSnp3QklpMXF3YmNSRzJGbjVSUEp1TEhXRkg5THN2UFdxNjRMTFVLZ3dMdFZoNUV4d1BOMHRfdXNJdVVjVENLT1ZGVUMwZ2VOXzI5ZmJSbk8wVjVPSWVHWGtGOW5KanhKRERoYkI3Vy05aWtvMmEyc0s0dlVwYTE3Zw?oc=5,2025-09-23 09:58:52,"""carbon capture OR CO2 storage"" - Google News",2025-09-23 09:58:52+00:00
PlasCred Circular Innovations Inc. Announces its Acceptance into Business Coalition for a Global Plastics Treaty - FinancialContent,https://news.google.com/rss/articles/CBMijAJBVV95cUxOTXVXTjNRRWdRZmpROWNtSjlTSGhFNzAyQUV1NEFxZkhrWXBBNk5zTUh4TmEya1locjdKbXNYOENyTDV5NHZuOGRmb3BfRktBM0VKWTZWemZFeTBUUFpFNUtkWHFydVU2T1l5SV9aZ25RcWg3X2kwZl9qcUJ6Q1c1Q3JGWEFoTTNhdENqTjFSWEJQZU5nQnJNcjM5Wjl2ZlBoQUlwU2g5b2s3UlBVd0ZkSVF6S08wbmp0Ulp2Y3REdjI1M2R1U0E1b1JZRDAxM1NFV1FFU096NHhwaUhFVEx5Y1liMXV1MzZacElNV1diVW9TMXZUdlNHUDN4VTBFWGZKZmlyV2VrZlhiM09N?oc=5,2025-09-23 10:00:00,"""plastic recycling"" - Google News",2025-09-23 10:00:00+00:00
Recycled plastics safety is TU professor's focus - Dothan Eagle,https://news.google.com/rss/articles/CBMiqgFBVV95cUxNZWdSZVZHVkg4RmFvMnFFN2JhcVA3R0ZyUFJDNUt5elFUTnN3M1dsVWp1cndxZkl0dFFQX1htbkJRcWs0alhkR3dLTVN5YVYyZzJfNDJIMk5qN1JFNVhYRHZ1VDNnWlc3ZDdxS19qa2Fmd2FzV01MX3Vkb3lRTEJEZnlHNlhodzVieDdSS08xbUxoaVFxeHVXOG0wNEJvWHJ4cHpDazA0ZlJDdw?oc=5,2025-09-23 10:00:00,"""plastic recycling"" - Google News",2025-09-23 10:00:00+00:00
Carbon Capture & Storage Market Expanding at 16.6% CAGR - openPR.com,https://news.google.com/rss/articles/CBMikgFBVV95cUxQeUZOME9hLVc3MjkzNUhMSFlNM1pBWVZSMjNQQkpTcm4zS2k5UTBjRjFKZXBROWRIX3R4alRfT05fNWVGRXRSYXFwdUJWcHE0ZWo3LWdaSUFjYk1WTjBFa0IzT05Pejl5V2N0ekdobHNwc1p6UElxdzEzVHNWazd5VG9nMjBMbFZLMExJVkE3YnRGZw?oc=5,2025-09-23 10:16:35,"""carbon capture OR CO2 storage"" - Google News",2025-09-23 10:16:35+00:00
DACLab Launches Kelvin – A New DAC System Stated To Be The Most Cost-Efficient So Far,https://carbonherald.com/daclab-launches-kelvin-a-new-dac-system-stated-to-be-the-most-cost-efficient-so-far/?utm_source=rss&utm_medium=rss&utm_campaign=daclab-launches-kelvin-a-new-dac-system-stated-to-be-the-most-cost-efficient-so-far,2025-09-23 10:19:13,Carbon Herald,2025-09-23 10:19:13+00:00
News Content Hub - Onboard carbon capture: modular designs and optimisation - rivieramm.com,https://news.google.com/rss/articles/CBMivAFBVV95cUxPZWhlZ3hTeVBLUDRGeGl1RWVxeXJaREZRYnpScWQzaVVieFNkdks4V055WXZIOVdnNEZ3V3d5OW0xRV9rVENmRW1IQTJ1SFlsUEJPVjU4RExnQ0JiNEhkTnpEWmNOYnVOZ3lxS05FVVl3V0FEWTBpNDZZalprTHNWcE01Nm1XLWhiNGE1NzNIemx6SWRuOE5yU3BtYWhzZi1SZWlxUXpRQ0ZMN2NoVC1zVERfWHVlUzFEczNLaw?oc=5,2025-09-23 10:30:51,"""carbon capture OR CO2 storage"" - Google News",2025-09-23 10:30:51+00:00
How Limenet Is Building Community Support For Italy’s First Ocean Carbon Storage Plant,https://carbonherald.com/how-limenet-is-building-community-support-for-italys-first-ocean-carbon-storage-plant/?utm_source=rss&utm_medium=rss&utm_campaign=how-limenet-is-building-community-support-for-italys-first-ocean-carbon-storage-plant,2025-09-23 10:51:52,Carbon Herald,2025-09-23 10:51:52+00:00
Nigeria’s plastic waste could enrich the fashion industry: here’s how - ZAWYA,https://news.google.com/rss/articles/CBMiswFBVV95cUxQdjZBMnk4YWpRWkJzSTcya0puakpoSHF3cmFtSXpiU0FaM2dFenBOZzlrUkJfenJqTzVmWVd1Q1pIZWQxak1hR2s5Q0otZ3JWZ2hZNGFHVVg2MnNMd3htQndMRjQ3MFc5MTlqeHhVUDY2ckFqNlo1cUJUTVlYUEl2T0tnb3RqTVhkbXBueFNGMVRUOUc3SHJnZzlTTXNpTjhIbndDMmRqNGNfUW5Hd1JvZXIzTQ?oc=5,2025-09-23 10:57:43,"""plastic recycling"" - Google News",2025-09-23 10:57:43+00:00
"Trump claims a TikTok deal is done. Who might own it, and how would it work?",https://www.bbc.com/news/articles/clyng762q4eo?at_medium=RSS&at_campaign=rss,2025-09-23 11:20:57,BBC News,2025-09-23 11:20:57+00:00
ExxonMobil To Transport & Store CO2 From The AtmosClear BECCS Project In Louisiana,https://carbonherald.com/exxonmobil-to-transport-store-co2-from-the-atmosclear-beccs-project-in-louisiana/?utm_source=rss&utm_medium=rss&utm_campaign=exxonmobil-to-transport-store-co2-from-the-atmosclear-beccs-project-in-louisiana,2025-09-23 11:40:01,Carbon Herald,2025-09-23 11:40:01+00:00
ExxonMobil To Transport & Store CO2 From The AtmosClear BECCS Project In Louisiana - Carbon Herald,https://news.google.com/rss/articles/CBMiqgFBVV95cUxNNnNxMHRSazdIdFp5RHJpbjBBRnVYanNsRHdCaHRWcnQtcFEwd0cwSU10bElEYWRPdGNhdlRvVVB5TzlYRjhBelNHeW5VdUluUktVZXdYNnAzdy1Hd2Fna2pQMUpUTjZOU1VpMnFySVdObFJnZHdiX2dfbzhLZGJkdFlPZ0R2MkpnbVQ2LWk3NTZvU3RZQTRLQUw4dVJvbW1xT2d2OGhXX0tEUQ?oc=5,2025-09-23 11:43:34,"""carbon capture OR CO2 storage"" - Google News",2025-09-23 11:43:34+00:00
Millions join World Cleanup Day 2025 - Recycling International,https://news.google.com/rss/articles/CBMirgFBVV95cUxOYjdKVFQxbEhYY3Z6d2d6bExPNWJnbmpkX0s4RXpERldSUW5WS2M4R2kzdGh2LXo2NmJjZUIwOU1idjhBSEVoVHRJU2J3eHJLT2RiQV9wR1k4NHktWXZ4U2ZQNkdxejYyeS1vS3Z2SDV2SE9URmcycElFUndlSE5PX21tanlTaWhENjczcU1JdTM4cHBMT3RQNkpFWDZicWgtdVhDUG12YkplVUpzcFE?oc=5,2025-09-23 11:44:03,"""plastic recycling"" - Google News",2025-09-23 11:44:03+00:00
Trump visa policy requires universities to pay huge fee to hire foreign scholars,https://www.science.org/content/article/trump-visa-policy-requires-universities-pay-huge-fee-hire-foreign-scholars,2025-09-23 12:15:07,Latest News from Science Magazine,2025-09-23 12:15:07+00:00
'Germany's pivot to carbon capture over green hydrogen for power will be a costly mistake': NGO - Hydrogen Insight,https://news.google.com/rss/articles/CBMi2AFBVV95cUxOZS1HbDdrWTc5cHlPS2d6cWZwbjFWWTQ1TFJUTXFEY3lrWDUxZWdVS1ltZm1WVXNVcmdhUHlUY1R1U1NvcVltQ044OWVsVW1fWEVUS1pabmx3THdrNlZHeGNia3dITW13Q3dOUFpDcWphd3c3bEJVZHByd0Z5eHFWRmNRTkVIUndJR1dBOGQ2U1ZvVnZRSG1HQjc4eEduWEdaSzQzUlB1M19RaUdhbTJfZDhaSWExZmlLdGEzTkV2XzRaeUJvZzdFek8ySHVFaWdWV09lb0R4MWs?oc=5,2025-09-23 12:28:26,"""carbon capture OR CO2 storage"" - Google News",2025-09-23 12:28:26+00:00
Phosphate mining ruined Nauru. Can it find its way again? - ThinkLandscape,https://news.google.com/rss/articles/CBMikwFBVV95cUxNdE5FZU9vR3JXSGdOVUJGWFVxOUJHQ1hzLVNwMGF2WEZsYXY0TTlDT0Y3UFRkUVI2NlYtYUZYTjJjMk9EYkNIcEVweXVma05Wbkw0VkJKaUNwdWRxUS1JRHg4c1dPaTlPaExxMFU4YWRGTFRSckpzeXpORm4zMFpzT204VzljQmNmZ2pENmNEdVFFMXM?oc=5,2025-09-23 12:33:45,"""deep sea mining"" - Google News",2025-09-23 12:33:45+00:00
"Groundwork BioAg And Anew Climate To Commercialize 500,000 Tons Of Soil CDR Credits",https://carbonherald.com/groundwork-bioag-and-anew-climate-to-commercialize-500000-tons-of-soil-cdr-credits/?utm_source=rss&utm_medium=rss&utm_campaign=groundwork-bioag-and-anew-climate-to-commercialize-500000-tons-of-soil-cdr-credits,2025-09-23 12:42:26,Carbon Herald,2025-09-23 12:42:26+00:00
New Carbon Capture and Storage Training Program Equips Canadians for Careers in a Low-Carbon Economy - GlobeNewswire,https://news.google.com/rss/articles/CBMiggJBVV95cUxQODhtZUVWakwzWHNqTXlNd2pKbEVDeTZSR3I5cHhza2c2UDFmdnhZUUkxUjdfRVU2a3p1bkE3Z2dvVlpxeW5HNmlEYUxMZmRJQkdQWnM2cGJmSlY5bzN3TlN5RWZUdldBaE1Nc2xMT3I0S1V4T0x4eUlxMmZCLS1IREJ3NzhUM1JsdlBPcmRmUTlJbnc0WHNaY2Y5RVJTM01nRUNUSUhaZEk2c3VkWEw1WGN3aDRia3hsTElFc1Q1cnZLZ1NFNk5nQUM1aDRvamFyUFoxd3d1X0otdk9tOWtWMDlPNnZtMHVvV1FVWi1hVGZKN1B4WHRsT1JldFBYcDZZcmc?oc=5,2025-09-23 13:02:06,"""carbon capture OR CO2 storage"" - Google News",2025-09-23 13:02:06+00:00
Cool Effect Launches $1M Catalyst Award To Boost Carbon Projects,https://carbonherald.com/cool-effect-launches-1m-catalyst-award-to-boost-carbon-projects/?utm_source=rss&utm_medium=rss&utm_campaign=cool-effect-launches-1m-catalyst-award-to-boost-carbon-projects,2025-09-23 13:03:00,Carbon Herald,2025-09-23 13:03:00+00:00
AIRCO Unveils AIRMADE Fuel Plant In NYC To Scale Sustainable Aviation Fuel,https://carbonherald.com/airco-unveils-airmade-fuel-plant-in-nyc-to-scale-sustainable-aviation-fuel/?utm_source=rss&utm_medium=rss&utm_campaign=airco-unveils-airmade-fuel-plant-in-nyc-to-scale-sustainable-aviation-fuel,2025-09-23 13:05:00,Carbon Herald,2025-09-23 13:05:00+00:00
Scientists develop incredible seashell-inspired material that could be used on space missions: 'Tackles a fundamental mechanics problem' - The Cool Down,https://news.google.com/rss/articles/CBMihgFBVV95cUxQNkt0dHFUcWduQkxCXzQ5WGxnS2s1TWJzUGxFdmZaelpxREFDQmY1S0k1X0p0ZlpCcHVUU2VHNFJTQ0tVY01fYU5BVVVQeUFhU3d2aEdyTDl0M2QyQkpHR004Q2liRm1NUk5qZ3o3YkRzSkw4U0Q2dzBObmNKZ3p5UmV2cC1ZQQ?oc=5,2025-09-23 13:15:00,"""plastic recycling"" - Google News",2025-09-23 13:15:00+00:00
"Carbon Destroyer 1 leaves shipyard, readies for CO2 transport in Europe - Offshore-Energy.biz",https://news.google.com/rss/articles/CBMipgFBVV95cUxNY3V0bVppSjRzWDN4QUZxZ2F3NUx2bm5YbmhqNTd4R2wtQnBobXZMbnpvVGZHLUVXclJhcU1pQkRUWlZlMUU0MHJsRXRCYXBJSURVRklXWXk1Zy1fbU8xdGxzU0ZLQTlWcVM4akVKTjZ3WjNNanJKMXBzSnBWM0tPSjZjeDRJbUU5WnBvUlRUS3ZocG5mUzRPTWwwQWR4NS1LME1PajlB?oc=5,2025-09-23 13:28:49,"""carbon capture OR CO2 storage"" - Google News",2025-09-23 13:28:49+00:00
Polystyrene Resin Recycling Market Size to Hit USD 755.31 Million by 2034 - Precedence Research,https://news.google.com/rss/articles/CBMieEFVX3lxTFBtcVUxeEd1a1BzcFIyVWlMTS1XT3BKNElRS2hkRDBQU2hOd2UwY05DNVQ2T0JkZDI1a0NpQjExVXlUZTdDaHJCVTVwSHE3QnByM0pHbVhITGFxQ0QzUkZQSzVIcE10U3NEamVWcjNldzFiUWJ0Mm5ZbQ?oc=5,2025-09-23 13:38:16,"""plastic recycling"" - Google News",2025-09-23 13:38:16+00:00
Frontier Carbon Solutions Taps Mangrove Systems To Track CO2 For Major BECCS Operation,https://carbonherald.com/frontier-carbon-solutions-mangrove-track-co2-beccs/?utm_source=rss&utm_medium=rss&utm_campaign=frontier-carbon-solutions-mangrove-track-co2-beccs,2025-09-23 14:00:03,Carbon Herald,2025-09-23 14:00:03+00:00
Frontier Carbon Solutions Taps Mangrove Systems To Track CO2 For Major BECCS Operation - Carbon Herald,https://news.google.com/rss/articles/CBMiggFBVV95cUxOSXQ3bWJnbTNQTVI5SUZLbkc1YzRETXFseG1ZdUtxeXNKZjdTMnFuNjdzQlJ4UTdmdlRKOTVlaDJtcVFyWEE1eHVVVUxfd1BtUWxvN1VlTTFrNDN4V0M0dmNRWU8xSmJrS19tX2RLNmx6Z2FGd3QtempMcmJoaEZZQmJR?oc=5,2025-09-23 14:03:38,"""carbon capture OR CO2 storage"" - Google News",2025-09-23 14:03:38+00:00
From plastic to power: Researchers develop faster path to fuel production | Newswise - Newswise,https://news.google.com/rss/articles/CBMiqgFBVV95cUxPZ0RkTVQ2WGpCaEFPQThRWnJnYVprYkdDeEs4Y2ZyalZBVUlQcUc5bUxlU0JlQkE0elB4VWdGd3BCT01jeEg4dE9wSllvLWJQTkRzQXZRc3V6V2cwQWRVb2hlZS0tRUZ4Ry1IeElFT1hSWkd4YjBYNkY3bVExQzU3cjEteTVFQXJiZzR0S3Y5M2pGN2RGUG0zRWh5bEoxSmtKT0FhWUZwcWQwUdIBqgFBVV95cUxPZ0RkTVQ2WGpCaEFPQThRWnJnYVprYkdDeEs4Y2ZyalZBVUlQcUc5bUxlU0JlQkE0elB4VWdGd3BCT01jeEg4dE9wSllvLWJQTkRzQXZRc3V6V2cwQWRVb2hlZS0tRUZ4Ry1IeElFT1hSWkd4YjBYNkY3bVExQzU3cjEteTVFQXJiZzR0S3Y5M2pGN2RGUG0zRWh5bEoxSmtKT0FhWUZwcWQwUQ?oc=5,2025-09-23 15:05:00,"""plastic recycling"" - Google News",2025-09-23 15:05:00+00:00
ExxonMobil Moving 688K Metric Tons of Biogenic CO2 from Gulf Port - Home | EnergyTech,https://news.google.com/rss/articles/CBMi0gFBVV95cUxOR2lmT2N5N1BPNEVBc3hTYXBiZkJzd1JxX3VKOW5MUlBvVTZwa3JwMEZ0M2ZxYkpzampkZHRqSmxBdTdSTTlKTkhPVi1qeGd2N3JWRDFnQjJHeWM4VVBzRUhoVTFNcUk0NE5VcjJNY3VDbXowNUFzeGdSMVE1dnU0aGQ3Z3FuUFp1RTd2d2wyT19JQW1sWjdMbEtqN3ptVGpEVG5ZN2c4MkpHc2pmdm1YUDRERlk4aFhyZXNCQzRxTGhVeFpmZkY0dDN5MUZpV3lMVUE?oc=5,2025-09-23 15:21:59,"""carbon capture OR CO2 storage"" - Google News",2025-09-23 15:21:59+00:00
Is it Bonaparte or bust for hopes of carbon capture? - The Australian,https://news.google.com/rss/articles/CBMi3AFBVV95cUxPVm03eXREc1V6WW1tQktNbFRTQ19NbE1wS2ZIcGNtcXNURWNaZzktRFZaU0txX0EyUkxQamN3YWM5eGFQN3UwZXNPRUcwX2N2TVI1LVJZczM5NzdDZ2dkT0NHQnk2Tzc5MFpUWHp3cl9sTjNadUI1X2dZU1F0VnRONk40dlc4X01GYl8wa1ZjYXM0NHFBclc5dDAwVWJhZ25mLVVpS2E5YzhnMGY5TFpDS21YS3dwelZLZ0dVLTQ4WjhWVUhlTHRLTU9EZ3h1RkliY1hUM21neU9WT0120gHiAUFVX3lxTE9ySk56eWhkRGFjeVZMWnU0WExuYmFKcVJiYm1FUGZnQ3NTM3VreGpidEtLQ2FUNU5aRzhHLVp6R1ZFcUR2TTlRLXZEREt1aWU5SkZqekpDYVJkdjZaLVJWaUVwSkR2aEc1Zk9yb3N3YS16aUpBUnZkeXJOOVdyNXgyYlBNd0dEbmhfZlZHckF0WTVsMW5EdWtLWGxxeUZRczlCXzFnTU9FanlyQ2hRMXo0ZDJ2U2ROU1BzSHFRWmxXQURicUhhY2RxbFNTbnZVaVBLN0lLQ09UTFROcFBwQzBnd3c?oc=5,2025-09-23 15:26:28,"""carbon capture OR CO2 storage"" - Google News",2025-09-23 15:26:28+00:00
Nasa plans first crewed Moon mission in 50 years for February 2026,https://www.bbc.com/news/articles/cy7pegvz17yo?at_medium=RSS&at_campaign=rss,2025-09-23 15:29:27,BBC News,2025-09-23 15:29:27+00:00
Cold Lake First Nations raises concerns over carbon capture project potentially being put on federal fast-track - LakelandToday.ca,https://news.google.com/rss/articles/CBMi9wFBVV95cUxPeXFjS3BJQXFISnkwV2Q5YnVUZklDYVNwcS1ZMGlvUnZnTG5XNm5SbldKMHVLTnBBYnlFVERrbkFUbDNGOTZJV3Q4SnZmdG14VkFYN21yY280OXo0dXNzVkIyOWJuNTB5TVA3YUt1U0lwSDRJaVJqa2hiVEo4VW9ELThoV0lNTXlYYzdMZFFOTWQ2cm1SNVVzRDBpaHpncF9iWEN0RHJWOHVmRFNTc05aRlIzZzRqQ0NUY3Zhcmxnbl9GSkVxSTEyV0paZTNkVWNVM1VLdS1JX2JUdUl3UldWczNwNHJqVWprYXpVOGZ3N3RTTzZWNFZv?oc=5,2025-09-23 15:54:13,"""CCUS"" - Google News",2025-09-23 15:54:13+00:00
Cold Lake First Nations raises concerns over carbon capture project potentially being put on federal fast-track - The Albertan,https://news.google.com/rss/articles/CBMi8wFBVV95cUxOV210OVdZSVhBMDVuOGxiazd2d3NJSVdtZ2NCa0ZWdnJIN1Q5eHZ4SHRsTU9DcXhqQktDRVU4cWE5bTFVMm8zQkR5aUt2ZWRRUF84ZnZiYTEtdGQ1OVFOY1Y2S29MMDBoNjByRzJfZ3piSkVmLV8ta3RlbWt2OXRMdHZyZFdmLWx5SjRPZTJjejFxX3V0Qk13ZFQtOFlLd3FFM0hHMHJCNlk4ZTZwNGRaSG45YmpZZFBTVmJsV2dHOGFWcjRhWkxvM0xrU2V0TzByZ01XZUNIanR2MkplUHlsQ1FfOERiZEs0WnJOd1FSYWFvVmM?oc=5,2025-09-23 15:59:00,"""carbon capture OR CO2 storage"" - Google News",2025-09-23 15:59:00+00:00
Coca-Cola reports jump in packaging deemed recyclable - Packaging Dive,https://news.google.com/rss/articles/CBMikgFBVV95cUxQV0ZQeGNERFI5MGFWYU5TS1gzbm1tN2dlYnpPQTlSRC1HMTR4NWN1UU9aZ2R5SXVjZTJ2UW9iM0pnT25lNWJDU0hPU1dxR2dsU3ZKb243SWs2RGRhY1lRaExNUi1OR2pSQXZXSC02M1BBa01NTWVrUWRoclFyWXYyd1RfNWMxaGhPd0VNcXk0UnBIQQ?oc=5,2025-09-23 16:19:15,"""plastic recycling"" - Google News",2025-09-23 16:19:15+00:00
"Airing New Concerns with US Carbon Capture Policies, with Sheila Olmstead - Resources Magazine",https://news.google.com/rss/articles/CBMitgFBVV95cUxQcDVDNlotQzdRT2JMckZFQjA0NkU1MmFJbExHVUtVUzZPOG1fZUNZOU5JYXBid05tV1pwU1pmX2o4WnVfU1lxWkMwUGlZUXRDNmhKQTBBdHRpR3AwbDl4TmNzcGJRc2FzLXdFZVU5bHVZdk16WllQajFXUkV5TTNrR2lzcmw4ZjYwa1JZX0ZZeVRrd2xfMFFLWUJ5Z3hCb05GQXFYTWR4aHgxcF96TGFJWmExZGdDUQ?oc=5,2025-09-23 16:22:30,"""carbon capture OR CO2 storage"" - Google News",2025-09-23 16:22:30+00:00
High Seas Treaty to protect oceans ratified as Trump pushes mining - E&E News by POLITICO,https://news.google.com/rss/articles/CBMioAFBVV95cUxPbjh6b1QyWFh3bGpQZEc0NzZRN2xaMDZ3YURheUk1RDA5RWxWV2UxdF9TTDlaTnpzQ0Mta3labklpRlNoZXFXVzh3UjBnbVo4RFVYb0RYeWNsLTNfRzZ0cnFZRkVzaVB5QU1lbWtIbnJiUWszcnVLZ3luckEtRlR3RWlCZFJad0xPNVFQcDRIRlRZS3plVVB0NUlveUE4Y1pq?oc=5,2025-09-23 17:33:00,"""deep sea mining"" - Google News",2025-09-23 17:33:00+00:00
NewMarket to acquire hydrazine maker Calca - C&EN,https://news.google.com/rss/articles/CBMigAFBVV95cUxNaHJmNUw5NW9OMVJleGJGbVhfNlNCaWVlZDJJb2hOcUVJQTR6SnNvdklaUHFQbHdOeGs3WDd6RWhISjdxLXp3aHFvUEVscEJlbkU0MElsUEdwVUtzY1FPRGpPZ1lNbXRkYkx1dkdONzJWbU4zXy1ianFjRHJoZzFYTg?oc=5,2025-09-23 17:54:42,"""plastic recycling"" - Google News",2025-09-23 17:54:42+00:00
Carbon Capture and Storage Market Expands with Strong CAGR of 7.40% Through 2032 - openPR.com,https://news.google.com/rss/articles/CBMimgFBVV95cUxOR1hPVXVmTldYd0I1VHI5QllUb0dXRUNIRlBkUkJOM1BaUHVxVFpabWRJbURJQl8xMU16SS1rNnM5dG5lek56X29VTXVRU0pWQ1FTczM0MDZBZXk2dlBpdXVuRGU5eGI2NVA4b2Z2aXN1d2hnVUVEWkE5TWtRc0VXS0dEUUVjQkZkeXdxRjVYVG5IdkU2VFY3R29R?oc=5,2025-09-23 19:28:09,"""carbon capture OR CO2 storage"" - Google News",2025-09-23 19:28:09+00:00
"‘Gamechanger’ Study Warns Carbon Capture May Fall Short of Expectations, Citing Storage Location Dangers - DeSmog",https://news.google.com/rss/articles/CBMi0gFBVV95cUxOVXZuWFlXZHFpbGlzVENhSERJWGRPMmVqYUV6a3c4eGFTX0RWdWgxYW5nTlBZdFpvWEhyV01WMEtVcERNNlhSNlJaOUxGeGVZeGFyb1JIa1QzUG1BNmZhMWFrdk1yeUUxQ0RsVUMzOS1zd2pEcUgzZjBHREhLUHZqR29kY0FjMmRNemhQd2dDS0dHVE5RS3diblZHVVpqeEFQR3AzNTkxdlJCZTlSY25lLV81RWExdzdPTzI1TXdGNzZzeDRiLWdtRTVOQ0JHc2VfdFE?oc=5,2025-09-23 19:55:19,"""carbon capture OR CO2 storage"" - Google News",2025-09-23 19:55:19+00:00
Carbon Capture and Storage: The Billion Dollar Scam - Environmental Defence,https://news.google.com/rss/articles/CBMimgFBVV95cUxOcEJ0UlFZWHJ0UFE3b3IwSk1ubGNUQnl4YjRZM1JlM216cEZKd0lKZ3JPekRsMm4wYzZRU0JQeEFhdWhlRWRRN3RXMW9nU2EtSnhfMldqbkxSaExBbHBQdG9RUHVSYmRmZENWSUZjQm5oQ1YwY25sWVdlWjdlTmFBc2tJWFJNNWswcG00TldvazUzRFZrQ0pSQVZR?oc=5,2025-09-23 19:57:24,"""carbon capture OR CO2 storage"" - Google News",2025-09-23 19:57:24+00:00
Wittmann Introduces Screenless Granulator for In-Line Recycling - Plastics Technology,https://news.google.com/rss/articles/CBMingFBVV95cUxNUHY5WHh6NUJoMHZ4b1p4VHdPUWtYZ2pxT3BOZVpTQ0xxNzJsakU3QjR0U25EeWlpNFVaMGxncWVoUU9vcXFoM1hUZ1N0VXIwbmdoX3BDUGt0MHB3djl5MnZnRXlGUlVHdmhNb3JLejFjM1pvUkdIWDl5UVRGZFFXMjJOc1h1Z3BKbnk0dEZERGNRdDhqOHhYaWdnSnVBQQ?oc=5,2025-09-23 20:19:25,"""plastic recycling"" - Google News",2025-09-23 20:19:25+00:00
Heavy industry must ‘set the course’ for net zero - Digital Journal,https://news.google.com/rss/articles/CBMioAFBVV95cUxOeDU2ZHF2MzhkZjd0LXpPS2JGRVFLMk9oWGwySXZ2WVFFWVFGUVpmMDhfcnR6TDRYZGxhcnlpX3k2UV9fdDBKX2NfT25lbzlVSnQ4TVhtOXJvdmk2TDEtdlhsSkxodm9NVlhlUjljTUxEWmo2S1IwSVZMUXA2ZlRJNUhwY1lFQzBQNlhwdkR0LTdFcEFWUmx3X0x3cnBOSGlF?oc=5,2025-09-23 21:00:39,"""deep sea mining"" - Google News",2025-09-23 21:00:39+00:00
"Mt. Diablo Resource Recovery partners with Colgate-Palmolive, Glacier robotics for recyclable plastic squeeze tubes - Antioch Herald",https://news.google.com/rss/articles/CBMi4gFBVV95cUxPeC1TeFA2WUQ4LXdpWWVyeW1hWEtzMFk1bDFfbHk1RkFKY0RpTnBUUHVSa0RnLU1nWDZaeDlDSTAzdldLcFVaRUhCLXE2TG5ld3Y4bFR2bjBBVmJPUFlkeUhvOVNlNkVOUjkwLU9fWENmQ2dsTVVtOXEwRnJPSjNtMlFFenlNNXVHbktXWjZCNGpoOW1oMXVMUWZrQkMzdnRSeU1HTjFwTzVqSkdRWGozcS0zMzIzRXBJWmlLLVdaODVzOElzbHN4dHdGZzl3MFdZVm8xb0w0eE1pZ1BpVnEzaGNn?oc=5,2025-09-23 22:39:11,"""plastic recycling"" - Google News",2025-09-23 22:39:11+00:00
YouTube content creators contributed £2.2bn to UK economy in 2024,https://www.bbc.com/news/articles/c0knpm6v36go?at_medium=RSS&at_campaign=rss,2025-09-23 23:01:22,BBC News,2025-09-23 23:01:22+00:00
